<metadata xml:lang="en">
	<dataIdInfo>
		<idCitation><resTitle>ceska_posta_211201</resTitle><presForm><PresFormCd value="005" Sync="TRUE"></PresFormCd></presForm></idCitation>
		<searchKeys>
			<keyword>features</keyword>
			<keyword>ceska_posta_211201</keyword>
		</searchKeys>
		<idPurp>Pobočky České pošty</idPurp>
		<idAbs>Adresy provozoven České pošty.</idAbs>
		<envirDesc Sync="TRUE">Microsoft Windows 10 Version 10.0 (Build 22621) ; Esri ArcGIS 13.1.2.41833</envirDesc><dataLang><languageCode value="ces" Sync="TRUE"></languageCode><countryCode value="CZE" Sync="TRUE"></countryCode></dataLang><spatRpType><SpatRepTypCd value="001" Sync="TRUE"></SpatRepTypCd></spatRpType></dataIdInfo>
	<mdLang><languageCode value="ces" Sync="TRUE"></languageCode><countryCode value="CZE" Sync="TRUE"></countryCode></mdLang><Esri><DataProperties><itemProps><itemName Sync="TRUE">PobockyCP_PlzenskyKraj</itemName><imsContentType Sync="TRUE">002</imsContentType><itemLocation><linkage Sync="TRUE">file://\\DESKTOP-T3P4SAD\C$\Users\josef\OneDrive - České vysoké učení technické v Praze\Dokumenty\CVUT\PhD\_formuláře, výpisy\IP 2023\PostOffices\PobockyCP_PlzenskyKraj.shp</linkage><protocol Sync="TRUE">Local Area Network</protocol></itemLocation><itemSize Sync="TRUE">0.000</itemSize></itemProps><coordRef><type Sync="TRUE">Projected</type><geogcsn Sync="TRUE">GCS_S_JTSK</geogcsn><csUnits Sync="TRUE">Linear Unit: Meter (1.000000)</csUnits><projcsn Sync="TRUE">S-JTSK_Krovak_East_North</projcsn><peXml Sync="TRUE">&lt;ProjectedCoordinateSystem xsi:type='typens:ProjectedCoordinateSystem' xmlns:xsi='http://www.w3.org/2001/XMLSchema-instance' xmlns:xs='http://www.w3.org/2001/XMLSchema' xmlns:typens='http://www.esri.com/schemas/ArcGIS/3.1.0'&gt;&lt;WKT&gt;PROJCS[&amp;quot;S-JTSK_Krovak_East_North&amp;quot;,GEOGCS[&amp;quot;GCS_S_JTSK&amp;quot;,DATUM[&amp;quot;D_S_JTSK&amp;quot;,SPHEROID[&amp;quot;Bessel_1841&amp;quot;,6377397.155,299.1528128]],PRIMEM[&amp;quot;Greenwich&amp;quot;,0.0],UNIT[&amp;quot;Degree&amp;quot;,0.0174532925199433]],PROJECTION[&amp;quot;Krovak&amp;quot;],PARAMETER[&amp;quot;False_Easting&amp;quot;,0.0],PARAMETER[&amp;quot;False_Northing&amp;quot;,0.0],PARAMETER[&amp;quot;Pseudo_Standard_Parallel_1&amp;quot;,78.5],PARAMETER[&amp;quot;Scale_Factor&amp;quot;,0.9999],PARAMETER[&amp;quot;Azimuth&amp;quot;,30.28813975277778],PARAMETER[&amp;quot;Longitude_Of_Center&amp;quot;,24.83333333333333],PARAMETER[&amp;quot;Latitude_Of_Center&amp;quot;,49.5],PARAMETER[&amp;quot;X_Scale&amp;quot;,-1.0],PARAMETER[&amp;quot;Y_Scale&amp;quot;,1.0],PARAMETER[&amp;quot;XY_Plane_Rotation&amp;quot;,90.0],UNIT[&amp;quot;Meter&amp;quot;,1.0],AUTHORITY[&amp;quot;EPSG&amp;quot;,5514]]&lt;/WKT&gt;&lt;XOrigin&gt;-33699800&lt;/XOrigin&gt;&lt;YOrigin&gt;-33699800&lt;/YOrigin&gt;&lt;XYScale&gt;133638764.24698351&lt;/XYScale&gt;&lt;ZOrigin&gt;-100000&lt;/ZOrigin&gt;&lt;ZScale&gt;10000&lt;/ZScale&gt;&lt;MOrigin&gt;-100000&lt;/MOrigin&gt;&lt;MScale&gt;10000&lt;/MScale&gt;&lt;XYTolerance&gt;0.001&lt;/XYTolerance&gt;&lt;ZTolerance&gt;0.001&lt;/ZTolerance&gt;&lt;MTolerance&gt;0.001&lt;/MTolerance&gt;&lt;HighPrecision&gt;true&lt;/HighPrecision&gt;&lt;WKID&gt;102067&lt;/WKID&gt;&lt;LatestWKID&gt;5514&lt;/LatestWKID&gt;&lt;/ProjectedCoordinateSystem&gt;</peXml></coordRef><lineage><Process ToolSource="c:\program files\arcgis\pro\Resources\ArcToolbox\toolboxes\Conversion Tools.tbx\ExportFeatures" Date="20230613" Time="155454">ExportFeatures "Pobočky České pošty" "C:\Users\josef\OneDrive - České vysoké učení technické v Praze\Dokumenty\CVUT\PhD\_formuláře, výpisy\IP 2023\PostOffices\PostOffices.gdb\CeskaPostaPobocky" # NOT_USE_ALIAS "GmlID "GmlID" true true false 255 Text 0 0,First,#,Pobočky České pošty,GmlID,0,255;PSC "PSC" true true false 4 Long 0 0,First,#,Pobočky České pošty,PSC,-1,-1;NAZEV_PROV "NAZEV_PROV" true true false 255 Text 0 0,First,#,Pobočky České pošty,NAZEV_PROV,0,255;ZKRNAZ_PRO "ZKRNAZ_PRO" true true false 255 Text 0 0,First,#,Pobočky České pošty,ZKRNAZ_PRO,0,255;KOD_KRAJE "KOD_KRAJE" true true false 4 Long 0 0,First,#,Pobočky České pošty,KOD_KRAJE,-1,-1;KOD_OKRESU "KOD_OKRESU" true true false 4 Long 0 0,First,#,Pobočky České pošty,KOD_OKRESU,-1,-1;KOD_REG "KOD_REG" true true false 4 Long 0 0,First,#,Pobočky České pošty,KOD_REG,-1,-1;PSC_OBLP "PSC_OBLP" true true false 4 Long 0 0,First,#,Pobočky České pošty,PSC_OBLP,-1,-1;OKRRAZ "OKRRAZ" true true false 4 Long 0 0,First,#,Pobočky České pošty,OKRRAZ,-1,-1;ZKRNAZ_TYP "ZKRNAZ_TYP" true true false 255 Text 0 0,First,#,Pobočky České pošty,ZKRNAZ_TYP,0,255;ZKRNAZ_DRU "ZKRNAZ_DRU" true true false 255 Text 0 0,First,#,Pobočky České pošty,ZKRNAZ_DRU,0,255;ZKRNAZ_FUN "ZKRNAZ_FUN" true true false 255 Text 0 0,First,#,Pobočky České pošty,ZKRNAZ_FUN,0,255;NAZ_FUNKCE "NAZ_FUNKCE" true true false 255 Text 0 0,First,#,Pobočky České pošty,NAZ_FUNKCE,0,255;KOD_OBCE "KOD_OBCE" true true false 4 Long 0 0,First,#,Pobočky České pošty,KOD_OBCE,-1,-1;NAZ_OBCE "NAZ_OBCE" true true false 255 Text 0 0,First,#,Pobočky České pošty,NAZ_OBCE,0,255;KOD_COBCE "KOD_COBCE" true true false 4 Long 0 0,First,#,Pobočky České pošty,KOD_COBCE,-1,-1;NAZ_COBCE "NAZ_COBCE" true true false 255 Text 0 0,First,#,Pobočky České pošty,NAZ_COBCE,0,255;KOD_ULICE "KOD_ULICE" true true false 4 Long 0 0,First,#,Pobočky České pošty,KOD_ULICE,-1,-1;NAZ_ULICE "NAZ_ULICE" true true false 255 Text 0 0,First,#,Pobočky České pošty,NAZ_ULICE,0,255;C_POP "C_POP" true true false 255 Text 0 0,First,#,Pobočky České pošty,C_POP,0,255;C_OR "C_OR" true true false 255 Text 0 0,First,#,Pobočky České pošty,C_OR,0,255;PSC_ADRESY "PSC_ADRESY" true true false 4 Long 0 0,First,#,Pobočky České pošty,PSC_ADRESY,-1,-1;KOD_OBJ_DD "KOD_OBJ_DD" true true false 4 Long 0 0,First,#,Pobočky České pošty,KOD_OBJ_DD,-1,-1;KOD_RUIAN "KOD_RUIAN" true true false 4 Long 0 0,First,#,Pobočky České pošty,KOD_RUIAN,-1,-1;SOUR_X "SOUR_X" true true false 8 Double 0 0,First,#,Pobočky České pošty,SOUR_X,-1,-1;SOUR_Y "SOUR_Y" true true false 8 Double 0 0,First,#,Pobočky České pošty,SOUR_Y,-1,-1;ADRESA_PRO "ADRESA_PRO" true true false 255 Text 0 0,First,#,Pobočky České pošty,ADRESA_PRO,0,255;POPIS_UMIS "POPIS_UMIS" true true false 255 Text 0 0,First,#,Pobočky České pošty,POPIS_UMIS,0,255;KOD_BUDOVY "KOD_BUDOVY" true true false 4 Long 0 0,First,#,Pobočky České pošty,KOD_BUDOVY,-1,-1;HOD_VEREJ_ "HOD_VEREJ_" true true false 255 Text 0 0,First,#,Pobočky České pošty,HOD_VEREJ_,0,255;DAT_OD "DAT_OD" true true false 8 Date 0 0,First,#,Pobočky České pošty,DAT_OD,-1,-1" #</Process><Process ToolSource="c:\program files\arcgis\pro\Resources\ArcToolbox\toolboxes\Conversion Tools.tbx\ExportFeatures" Date="20230615" Time="134413">ExportFeatures CeskaPostaPobocky "C:\Users\josef\OneDrive - České vysoké učení technické v Praze\Dokumenty\CVUT\PhD\_formuláře, výpisy\IP 2023\PostOffices\PobockyCP_PlzenskyKraj.shp" # NOT_USE_ALIAS "GmlID "GmlID" true true false 255 Text 0 0,First,#,CeskaPostaPobocky,GmlID,0,255;PSC "PSC" true true false 4 Long 0 0,First,#,CeskaPostaPobocky,PSC,-1,-1;NAZEV_PROV "NAZEV_PROV" true true false 255 Text 0 0,First,#,CeskaPostaPobocky,NAZEV_PROV,0,255;ZKRNAZ_PRO "ZKRNAZ_PRO" true true false 255 Text 0 0,First,#,CeskaPostaPobocky,ZKRNAZ_PRO,0,255;KOD_KRAJE "KOD_KRAJE" true true false 4 Long 0 0,First,#,CeskaPostaPobocky,KOD_KRAJE,-1,-1;KOD_OKRESU "KOD_OKRESU" true true false 4 Long 0 0,First,#,CeskaPostaPobocky,KOD_OKRESU,-1,-1;KOD_REG "KOD_REG" true true false 4 Long 0 0,First,#,CeskaPostaPobocky,KOD_REG,-1,-1;PSC_OBLP "PSC_OBLP" true true false 4 Long 0 0,First,#,CeskaPostaPobocky,PSC_OBLP,-1,-1;OKRRAZ "OKRRAZ" true true false 4 Long 0 0,First,#,CeskaPostaPobocky,OKRRAZ,-1,-1;ZKRNAZ_TYP "ZKRNAZ_TYP" true true false 255 Text 0 0,First,#,CeskaPostaPobocky,ZKRNAZ_TYP,0,255;ZKRNAZ_DRU "ZKRNAZ_DRU" true true false 255 Text 0 0,First,#,CeskaPostaPobocky,ZKRNAZ_DRU,0,255;ZKRNAZ_FUN "ZKRNAZ_FUN" true true false 255 Text 0 0,First,#,CeskaPostaPobocky,ZKRNAZ_FUN,0,255;NAZ_FUNKCE "NAZ_FUNKCE" true true false 255 Text 0 0,First,#,CeskaPostaPobocky,NAZ_FUNKCE,0,255;KOD_OBCE "KOD_OBCE" true true false 4 Long 0 0,First,#,CeskaPostaPobocky,KOD_OBCE,-1,-1;NAZ_OBCE "NAZ_OBCE" true true false 255 Text 0 0,First,#,CeskaPostaPobocky,NAZ_OBCE,0,255;KOD_COBCE "KOD_COBCE" true true false 4 Long 0 0,First,#,CeskaPostaPobocky,KOD_COBCE,-1,-1;NAZ_COBCE "NAZ_COBCE" true true false 255 Text 0 0,First,#,CeskaPostaPobocky,NAZ_COBCE,0,255;KOD_ULICE "KOD_ULICE" true true false 4 Long 0 0,First,#,CeskaPostaPobocky,KOD_ULICE,-1,-1;NAZ_ULICE "NAZ_ULICE" true true false 255 Text 0 0,First,#,CeskaPostaPobocky,NAZ_ULICE,0,255;C_POP "C_POP" true true false 255 Text 0 0,First,#,CeskaPostaPobocky,C_POP,0,255;C_OR "C_OR" true true false 255 Text 0 0,First,#,CeskaPostaPobocky,C_OR,0,255;PSC_ADRESY "PSC_ADRESY" true true false 4 Long 0 0,First,#,CeskaPostaPobocky,PSC_ADRESY,-1,-1;KOD_OBJ_DD "KOD_OBJ_DD" true true false 4 Long 0 0,First,#,CeskaPostaPobocky,KOD_OBJ_DD,-1,-1;KOD_RUIAN "KOD_RUIAN" true true false 4 Long 0 0,First,#,CeskaPostaPobocky,KOD_RUIAN,-1,-1;SOUR_X "SOUR_X" true true false 8 Double 0 0,First,#,CeskaPostaPobocky,SOUR_X,-1,-1;SOUR_Y "SOUR_Y" true true false 8 Double 0 0,First,#,CeskaPostaPobocky,SOUR_Y,-1,-1;ADRESA_PRO "ADRESA_PRO" true true false 255 Text 0 0,First,#,CeskaPostaPobocky,ADRESA_PRO,0,255;POPIS_UMIS "POPIS_UMIS" true true false 255 Text 0 0,First,#,CeskaPostaPobocky,POPIS_UMIS,0,255;KOD_BUDOVY "KOD_BUDOVY" true true false 4 Long 0 0,First,#,CeskaPostaPobocky,KOD_BUDOVY,-1,-1;HOD_VEREJ_ "HOD_VEREJ_" true true false 255 Text 0 0,First,#,CeskaPostaPobocky,HOD_VEREJ_,0,255;DAT_OD "DAT_OD" true true false 8 Date 0 0,First,#,CeskaPostaPobocky,DAT_OD,-1,-1" #</Process></lineage></DataProperties><SyncDate>20230615</SyncDate><SyncTime>13441300</SyncTime><ModDate>20230615</ModDate><ModTime>13441300</ModTime></Esri><distInfo><distFormat><formatName Sync="TRUE">Shapefile</formatName></distFormat><distTranOps><transSize Sync="TRUE">0.000</transSize></distTranOps></distInfo><mdHrLv><ScopeCd value="005" Sync="TRUE"></ScopeCd></mdHrLv><mdHrLvName Sync="TRUE">dataset</mdHrLvName><refSysInfo><RefSystem><refSysID><identCode code="5514" Sync="TRUE"></identCode><idCodeSpace Sync="TRUE">EPSG</idCodeSpace><idVersion Sync="TRUE">7.7(10.1.0)</idVersion></refSysID></RefSystem></refSysInfo><spatRepInfo><VectSpatRep><geometObjs Name="PobockyCP_PlzenskyKraj"><geoObjTyp><GeoObjTypCd value="004" Sync="TRUE"></GeoObjTypCd></geoObjTyp><geoObjCnt Sync="TRUE">0</geoObjCnt></geometObjs><topLvl><TopoLevCd value="001" Sync="TRUE"></TopoLevCd></topLvl></VectSpatRep></spatRepInfo><spdoinfo><ptvctinf><esriterm Name="PobockyCP_PlzenskyKraj"><efeatyp Sync="TRUE">Simple</efeatyp><efeageom code="1" Sync="TRUE"></efeageom><esritopo Sync="TRUE">FALSE</esritopo><efeacnt Sync="TRUE">0</efeacnt><spindex Sync="TRUE">FALSE</spindex><linrefer Sync="TRUE">FALSE</linrefer></esriterm></ptvctinf></spdoinfo><eainfo><detailed Name="PobockyCP_PlzenskyKraj"><enttyp><enttypl Sync="TRUE">PobockyCP_PlzenskyKraj</enttypl><enttypt Sync="TRUE">Feature Class</enttypt><enttypc Sync="TRUE">0</enttypc></enttyp><attr><attrlabl Sync="TRUE">FID</attrlabl><attalias Sync="TRUE">FID</attalias><attrtype Sync="TRUE">OID</attrtype><attwidth Sync="TRUE">4</attwidth><atprecis Sync="TRUE">0</atprecis><attscale Sync="TRUE">0</attscale><attrdef Sync="TRUE">Internal feature number.</attrdef><attrdefs Sync="TRUE">Esri</attrdefs><attrdomv><udom Sync="TRUE">Sequential unique whole numbers that are automatically generated.</udom></attrdomv></attr><attr><attrlabl Sync="TRUE">Shape</attrlabl><attalias Sync="TRUE">Shape</attalias><attrtype Sync="TRUE">Geometry</attrtype><attwidth Sync="TRUE">0</attwidth><atprecis Sync="TRUE">0</atprecis><attscale Sync="TRUE">0</attscale><attrdef Sync="TRUE">Feature geometry.</attrdef><attrdefs Sync="TRUE">Esri</attrdefs><attrdomv><udom Sync="TRUE">Coordinates defining the features.</udom></attrdomv></attr><attr><attrlabl Sync="TRUE">GmlID</attrlabl><attalias Sync="TRUE">GmlID</attalias><attrtype Sync="TRUE">String</attrtype><attwidth Sync="TRUE">254</attwidth><atprecis Sync="TRUE">0</atprecis><attscale Sync="TRUE">0</attscale></attr><attr><attrlabl Sync="TRUE">PSC</attrlabl><attalias Sync="TRUE">PSC</attalias><attrtype Sync="TRUE">Integer</attrtype><attwidth Sync="TRUE">10</attwidth><atprecis Sync="TRUE">10</atprecis><attscale Sync="TRUE">0</attscale></attr><attr><attrlabl Sync="TRUE">NAZEV_PROV</attrlabl><attalias Sync="TRUE">NAZEV_PROV</attalias><attrtype Sync="TRUE">String</attrtype><attwidth Sync="TRUE">254</attwidth><atprecis Sync="TRUE">0</atprecis><attscale Sync="TRUE">0</attscale></attr><attr><attrlabl Sync="TRUE">ZKRNAZ_PRO</attrlabl><attalias Sync="TRUE">ZKRNAZ_PRO</attalias><attrtype Sync="TRUE">String</attrtype><attwidth Sync="TRUE">254</attwidth><atprecis Sync="TRUE">0</atprecis><attscale Sync="TRUE">0</attscale></attr><attr><attrlabl Sync="TRUE">KOD_KRAJE</attrlabl><attalias Sync="TRUE">KOD_KRAJE</attalias><attrtype Sync="TRUE">Integer</attrtype><attwidth Sync="TRUE">10</attwidth><atprecis Sync="TRUE">10</atprecis><attscale Sync="TRUE">0</attscale></attr><attr><attrlabl Sync="TRUE">KOD_OKRESU</attrlabl><attalias Sync="TRUE">KOD_OKRESU</attalias><attrtype Sync="TRUE">Integer</attrtype><attwidth Sync="TRUE">10</attwidth><atprecis Sync="TRUE">10</atprecis><attscale Sync="TRUE">0</attscale></attr><attr><attrlabl Sync="TRUE">KOD_REG</attrlabl><attalias Sync="TRUE">KOD_REG</attalias><attrtype Sync="TRUE">Integer</attrtype><attwidth Sync="TRUE">10</attwidth><atprecis Sync="TRUE">10</atprecis><attscale Sync="TRUE">0</attscale></attr><attr><attrlabl Sync="TRUE">PSC_OBLP</attrlabl><attalias Sync="TRUE">PSC_OBLP</attalias><attrtype Sync="TRUE">Integer</attrtype><attwidth Sync="TRUE">10</attwidth><atprecis Sync="TRUE">10</atprecis><attscale Sync="TRUE">0</attscale></attr><attr><attrlabl Sync="TRUE">OKRRAZ</attrlabl><attalias Sync="TRUE">OKRRAZ</attalias><attrtype Sync="TRUE">Integer</attrtype><attwidth Sync="TRUE">10</attwidth><atprecis Sync="TRUE">10</atprecis><attscale Sync="TRUE">0</attscale></attr><attr><attrlabl Sync="TRUE">ZKRNAZ_TYP</attrlabl><attalias Sync="TRUE">ZKRNAZ_TYP</attalias><attrtype Sync="TRUE">String</attrtype><attwidth Sync="TRUE">254</attwidth><atprecis Sync="TRUE">0</atprecis><attscale Sync="TRUE">0</attscale></attr><attr><attrlabl Sync="TRUE">ZKRNAZ_DRU</attrlabl><attalias Sync="TRUE">ZKRNAZ_DRU</attalias><attrtype Sync="TRUE">String</attrtype><attwidth Sync="TRUE">254</attwidth><atprecis Sync="TRUE">0</atprecis><attscale Sync="TRUE">0</attscale></attr><attr><attrlabl Sync="TRUE">ZKRNAZ_FUN</attrlabl><attalias Sync="TRUE">ZKRNAZ_FUN</attalias><attrtype Sync="TRUE">String</attrtype><attwidth Sync="TRUE">254</attwidth><atprecis Sync="TRUE">0</atprecis><attscale Sync="TRUE">0</attscale></attr><attr><attrlabl Sync="TRUE">NAZ_FUNKCE</attrlabl><attalias Sync="TRUE">NAZ_FUNKCE</attalias><attrtype Sync="TRUE">String</attrtype><attwidth Sync="TRUE">254</attwidth><atprecis Sync="TRUE">0</atprecis><attscale Sync="TRUE">0</attscale></attr><attr><attrlabl Sync="TRUE">KOD_OBCE</attrlabl><attalias Sync="TRUE">KOD_OBCE</attalias><attrtype Sync="TRUE">Integer</attrtype><attwidth Sync="TRUE">10</attwidth><atprecis Sync="TRUE">10</atprecis><attscale Sync="TRUE">0</attscale></attr><attr><attrlabl Sync="TRUE">NAZ_OBCE</attrlabl><attalias Sync="TRUE">NAZ_OBCE</attalias><attrtype Sync="TRUE">String</attrtype><attwidth Sync="TRUE">254</attwidth><atprecis Sync="TRUE">0</atprecis><attscale Sync="TRUE">0</attscale></attr><attr><attrlabl Sync="TRUE">KOD_COBCE</attrlabl><attalias Sync="TRUE">KOD_COBCE</attalias><attrtype Sync="TRUE">Integer</attrtype><attwidth Sync="TRUE">10</attwidth><atprecis Sync="TRUE">10</atprecis><attscale Sync="TRUE">0</attscale></attr><attr><attrlabl Sync="TRUE">NAZ_COBCE</attrlabl><attalias Sync="TRUE">NAZ_COBCE</attalias><attrtype Sync="TRUE">String</attrtype><attwidth Sync="TRUE">254</attwidth><atprecis Sync="TRUE">0</atprecis><attscale Sync="TRUE">0</attscale></attr><attr><attrlabl Sync="TRUE">KOD_ULICE</attrlabl><attalias Sync="TRUE">KOD_ULICE</attalias><attrtype Sync="TRUE">Integer</attrtype><attwidth Sync="TRUE">10</attwidth><atprecis Sync="TRUE">10</atprecis><attscale Sync="TRUE">0</attscale></attr><attr><attrlabl Sync="TRUE">NAZ_ULICE</attrlabl><attalias Sync="TRUE">NAZ_ULICE</attalias><attrtype Sync="TRUE">String</attrtype><attwidth Sync="TRUE">254</attwidth><atprecis Sync="TRUE">0</atprecis><attscale Sync="TRUE">0</attscale></attr><attr><attrlabl Sync="TRUE">C_POP</attrlabl><attalias Sync="TRUE">C_POP</attalias><attrtype Sync="TRUE">String</attrtype><attwidth Sync="TRUE">254</attwidth><atprecis Sync="TRUE">0</atprecis><attscale Sync="TRUE">0</attscale></attr><attr><attrlabl Sync="TRUE">C_OR</attrlabl><attalias Sync="TRUE">C_OR</attalias><attrtype Sync="TRUE">String</attrtype><attwidth Sync="TRUE">254</attwidth><atprecis Sync="TRUE">0</atprecis><attscale Sync="TRUE">0</attscale></attr><attr><attrlabl Sync="TRUE">PSC_ADRESY</attrlabl><attalias Sync="TRUE">PSC_ADRESY</attalias><attrtype Sync="TRUE">Integer</attrtype><attwidth Sync="TRUE">10</attwidth><atprecis Sync="TRUE">10</atprecis><attscale Sync="TRUE">0</attscale></attr><attr><attrlabl Sync="TRUE">KOD_OBJ_DD</attrlabl><attalias Sync="TRUE">KOD_OBJ_DD</attalias><attrtype Sync="TRUE">Integer</attrtype><attwidth Sync="TRUE">10</attwidth><atprecis Sync="TRUE">10</atprecis><attscale Sync="TRUE">0</attscale></attr><attr><attrlabl Sync="TRUE">KOD_RUIAN</attrlabl><attalias Sync="TRUE">KOD_RUIAN</attalias><attrtype Sync="TRUE">Integer</attrtype><attwidth Sync="TRUE">10</attwidth><atprecis Sync="TRUE">10</atprecis><attscale Sync="TRUE">0</attscale></attr><attr><attrlabl Sync="TRUE">SOUR_X</attrlabl><attalias Sync="TRUE">SOUR_X</attalias><attrtype Sync="TRUE">Double</attrtype><attwidth Sync="TRUE">19</attwidth><atprecis Sync="TRUE">0</atprecis><attscale Sync="TRUE">0</attscale></attr><attr><attrlabl Sync="TRUE">SOUR_Y</attrlabl><attalias Sync="TRUE">SOUR_Y</attalias><attrtype Sync="TRUE">Double</attrtype><attwidth Sync="TRUE">19</attwidth><atprecis Sync="TRUE">0</atprecis><attscale Sync="TRUE">0</attscale></attr><attr><attrlabl Sync="TRUE">ADRESA_PRO</attrlabl><attalias Sync="TRUE">ADRESA_PRO</attalias><attrtype Sync="TRUE">String</attrtype><attwidth Sync="TRUE">254</attwidth><atprecis Sync="TRUE">0</atprecis><attscale Sync="TRUE">0</attscale></attr><attr><attrlabl Sync="TRUE">POPIS_UMIS</attrlabl><attalias Sync="TRUE">POPIS_UMIS</attalias><attrtype Sync="TRUE">String</attrtype><attwidth Sync="TRUE">254</attwidth><atprecis Sync="TRUE">0</atprecis><attscale Sync="TRUE">0</attscale></attr><attr><attrlabl Sync="TRUE">KOD_BUDOVY</attrlabl><attalias Sync="TRUE">KOD_BUDOVY</attalias><attrtype Sync="TRUE">Integer</attrtype><attwidth Sync="TRUE">10</attwidth><atprecis Sync="TRUE">10</atprecis><attscale Sync="TRUE">0</attscale></attr><attr><attrlabl Sync="TRUE">HOD_VEREJ_</attrlabl><attalias Sync="TRUE">HOD_VEREJ_</attalias><attrtype Sync="TRUE">String</attrtype><attwidth Sync="TRUE">254</attwidth><atprecis Sync="TRUE">0</atprecis><attscale Sync="TRUE">0</attscale></attr><attr><attrlabl Sync="TRUE">DAT_OD</attrlabl><attalias Sync="TRUE">DAT_OD</attalias><attrtype Sync="TRUE">Date</attrtype><attwidth Sync="TRUE">8</attwidth><atprecis Sync="TRUE">0</atprecis><attscale Sync="TRUE">0</attscale></attr></detailed></eainfo><mdDateSt Sync="TRUE">20230615</mdDateSt></metadata>
